"company_id","city","state_name","lat","lng","population","position_count","wage_median"
494,"New York","New York",40.6943,-73.9249,18908608,67,196740
132,"New York","New York",40.6943,-73.9249,18908608,395,175000
9590,"New York","New York",40.6943,-73.9249,18908608,3251,115253
191,"New York","New York",40.6943,-73.9249,18908608,49,190000
227,"New York","New York",40.6943,-73.9249,18908608,2,178646
4605,"Los Angeles","California",34.1141,-118.4068,11922389,17,119584
191,"Los Angeles","California",34.1141,-118.4068,11922389,10,182828
227,"Los Angeles","California",34.1141,-118.4068,11922389,2,164800
4605,"Chicago","Illinois",41.8375,-87.6866,8497759,90,123754
9590,"Chicago","Illinois",41.8375,-87.6866,8497759,362,102000
27732,"Houston","Texas",29.786,-95.3885,5970127,41,162000
4605,"Houston","Texas",29.786,-95.3885,5970127,73,133669
9604,"Houston","Texas",29.786,-95.3885,5970127,21,150000
132,"Dallas","Texas",32.7935,-96.7667,5830932,175,137000
9604,"Dallas","Texas",32.7935,-96.7667,5830932,52,135000
4605,"Dallas","Texas",32.7935,-96.7667,5830932,104,110874
27732,"Dallas","Texas",32.7935,-96.7667,5830932,8,154000
132,"Philadelphia","Pennsylvania",40.0077,-75.1339,5683533,10,158300
9604,"Philadelphia","Pennsylvania",40.0077,-75.1339,5683533,23,141300
4605,"Philadelphia","Pennsylvania",40.0077,-75.1339,5683533,10,99418
9590,"Philadelphia","Pennsylvania",40.0077,-75.1339,5683533,7,75691
132,"Atlanta","Georgia",33.7628,-84.422,5180179,450,163364
27732,"Atlanta","Georgia",33.7628,-84.422,5180179,827,136000
9604,"Atlanta","Georgia",33.7628,-84.422,5180179,674,130000
4605,"Atlanta","Georgia",33.7628,-84.422,5180179,76,120532
9590,"Atlanta","Georgia",33.7628,-84.422,5180179,238,105040
307,"Washington","District of Columbia",38.9047,-77.0163,5116378,14,191339
494,"Washington","District of Columbia",38.9047,-77.0163,5116378,6,214000
132,"Boston","Massachusetts",42.3188,-71.0852,4328315,114,165000
9604,"Boston","Massachusetts",42.3188,-71.0852,4328315,60,143619
4605,"Boston","Massachusetts",42.3188,-71.0852,4328315,70,134750
9590,"Boston","Massachusetts",42.3188,-71.0852,4328315,741,120800
307,"Phoenix","Arizona",33.5722,-112.0892,4064275,278,151416
9604,"Phoenix","Arizona",33.5722,-112.0892,4064275,285,147450
132,"Phoenix","Arizona",33.5722,-112.0892,4064275,16,163912
9590,"Phoenix","Arizona",33.5722,-112.0892,4064275,194,106642
4605,"Phoenix","Arizona",33.5722,-112.0892,4064275,26,113925
27732,"Phoenix","Arizona",33.5722,-112.0892,4064275,16,139000
132,"Detroit","Michigan",42.3834,-83.1024,3725908,11,167440
4605,"Detroit","Michigan",42.3834,-83.1024,3725908,24,145050
27732,"Detroit","Michigan",42.3834,-83.1024,3725908,22,148000
9590,"Detroit","Michigan",42.3834,-83.1024,3725908,105,104312
9604,"Detroit","Michigan",42.3834,-83.1024,3725908,10,143150
57585,"Detroit","Michigan",42.3834,-83.1024,3725908,5,154500
191,"Seattle","Washington",47.6211,-122.3244,3561397,31,182358
132,"San Francisco","California",37.7558,-122.4449,3364979,632,171600
4605,"San Francisco","California",37.7558,-122.4449,3364979,99,181815
57585,"San Francisco","California",37.7558,-122.4449,3364979,200,179602
9604,"San Francisco","California",37.7558,-122.4449,3364979,138,173400
27732,"San Francisco","California",37.7558,-122.4449,3364979,979,168000
4605,"San Diego","California",32.8313,-117.1222,3046560,2,135350
132,"San Diego","California",32.8313,-117.1222,3046560,2,175100
132,"Minneapolis","Minnesota",44.9635,-93.2678,2892569,15,167440
9590,"Minneapolis","Minnesota",44.9635,-93.2678,2892569,57,110448
9604,"Minneapolis","Minnesota",44.9635,-93.2678,2892569,7,139800
4605,"Minneapolis","Minnesota",44.9635,-93.2678,2892569,9,118649
9604,"Tampa","Florida",27.9945,-82.4447,2861173,6,142610
9590,"Tampa","Florida",27.9945,-82.4447,2861173,17,85613
4605,"Tampa","Florida",27.9945,-82.4447,2861173,6,109200
9590,"Brooklyn","New York",40.6501,-73.9496,2736074,9,125750
191,"Brooklyn","New York",40.6501,-73.9496,2736074,2,190000
132,"Denver","Colorado",39.762,-104.8758,2687458,151,163100
9604,"Denver","Colorado",39.762,-104.8758,2687458,25,167000
9590,"Denver","Colorado",39.762,-104.8758,2687458,141,112008
4605,"Denver","Colorado",39.762,-104.8758,2687458,16,132000
9590,"Riverside","California",33.9381,-117.3949,2332836,6,81141
27732,"Las Vegas","Nevada",36.2333,-115.2654,2248047,14,138000
9590,"Las Vegas","Nevada",36.2333,-115.2654,2248047,70,85093
9604,"Baltimore","Maryland",39.3051,-76.6144,2196524,8,150836
4605,"Baltimore","Maryland",39.3051,-76.6144,2196524,11,157064
4605,"St. Louis","Missouri",38.6359,-90.2451,2130881,12,121749
9604,"St. Louis","Missouri",38.6359,-90.2451,2130881,9,132500
132,"St. Louis","Missouri",38.6359,-90.2451,2130881,4,151975
27732,"Portland","Oregon",45.5371,-122.65,2095808,57,151000
9604,"Portland","Oregon",45.5371,-122.65,2095808,34,154000
132,"Portland","Oregon",45.5371,-122.65,2095808,22,170000
9604,"San Antonio","Texas",29.4632,-98.5238,2058444,255,147700
9590,"San Antonio","Texas",29.4632,-98.5238,2058444,21,96803
494,"Austin","Texas",30.3005,-97.7522,1905945,167,184125
132,"Austin","Texas",30.3005,-97.7522,1905945,185,155369
9604,"Austin","Texas",30.3005,-97.7522,1905945,286,153490
227,"Austin","Texas",30.3005,-97.7522,1905945,80,147181
4605,"Austin","Texas",30.3005,-97.7522,1905945,314,145050
27732,"Austin","Texas",30.3005,-97.7522,1905945,686,142554
307,"Austin","Texas",30.3005,-97.7522,1905945,92,129653
9590,"Austin","Texas",30.3005,-97.7522,1905945,2309,106080
9590,"Orlando","Florida",28.4773,-81.337,1882705,19,105726
9604,"Orlando","Florida",28.4773,-81.337,1882705,7,146450
57585,"San Jose","California",37.3012,-121.848,1771413,3,200113
27732,"Pittsburgh","Pennsylvania",40.4397,-79.9763,1749091,85,151000
9604,"Pittsburgh","Pennsylvania",40.4397,-79.9763,1749091,7,140760
9590,"Pittsburgh","Pennsylvania",40.4397,-79.9763,1749091,16,87610
9590,"Cincinnati","Ohio",39.1413,-84.506,1692702,4,64064
27732,"Kansas City","Missouri",39.1238,-94.5541,1689556,24,117000
9590,"Kansas City","Missouri",39.1238,-94.5541,1689556,7,129000
9604,"Kansas City","Missouri",39.1238,-94.5541,1689556,2,144000
4605,"Kansas City","Missouri",39.1238,-94.5541,1689556,3,107641
9590,"Cleveland","Ohio",41.4764,-81.6805,1680247,5,130773
4605,"Cleveland","Ohio",41.4764,-81.6805,1680247,3,142100
9604,"Cleveland","Ohio",41.4764,-81.6805,1680247,2,139732
27732,"Columbus","Ohio",39.9862,-82.9855,1572546,18,152862
132,"Columbus","Ohio",39.9862,-82.9855,1572546,14,167320
4605,"Columbus","Ohio",39.9862,-82.9855,1572546,32,121100
9604,"Columbus","Ohio",39.9862,-82.9855,1572546,12,144200
307,"Columbus","Ohio",39.9862,-82.9855,1572546,7,151416
9590,"Columbus","Ohio",39.9862,-82.9855,1572546,7,94744
9604,"Charlotte","North Carolina",35.2083,-80.8303,1427444,94,130000
132,"Charlotte","North Carolina",35.2083,-80.8303,1427444,12,169290
27732,"Charlotte","North Carolina",35.2083,-80.8303,1427444,9,157925
9604,"Milwaukee","Wisconsin",43.0642,-87.9675,1290940,66,148250
4605,"Milwaukee","Wisconsin",43.0642,-87.9675,1290940,5,104439
9590,"Providence","Rhode Island",41.823,-71.4187,1290271,7,69992
27732,"Nashville","Tennessee",36.1715,-86.7842,1177657,11,150000
9604,"Nashville","Tennessee",36.1715,-86.7842,1177657,5,141300
9590,"Nashville","Tennessee",36.1715,-86.7842,1177657,1857,72400
4605,"Nashville","Tennessee",36.1715,-86.7842,1177657,6,112923
27732,"Salt Lake City","Utah",40.7776,-111.9311,1173879,5,144500
9604,"Salt Lake City","Utah",40.7776,-111.9311,1173879,4,132000
9590,"Salt Lake City","Utah",40.7776,-111.9311,1173879,26,70554
27732,"Raleigh","North Carolina",35.8324,-78.6429,1163152,137,161000
9604,"Raleigh","North Carolina",35.8324,-78.6429,1163152,104,148000
132,"Raleigh","North Carolina",35.8324,-78.6429,1163152,15,145621
132,"Richmond","Virginia",37.5295,-77.4756,1073223,39,167440
9604,"Richmond","Virginia",37.5295,-77.4756,1073223,14,141000
9590,"Richmond","Virginia",37.5295,-77.4756,1073223,26,87984
4605,"Richmond","Virginia",37.5295,-77.4756,1073223,6,108347
132,"Memphis","Tennessee",35.1087,-89.9663,1037998,14,158300
9590,"Memphis","Tennessee",35.1087,-89.9663,1037998,26,92000
9604,"Memphis","Tennessee",35.1087,-89.9663,1037998,3,145000
4605,"Memphis","Tennessee",35.1087,-89.9663,1037998,2,94401
4605,"Oklahoma City","Oklahoma",35.4676,-97.5136,998806,4,83400
9590,"Louisville","Kentucky",38.1663,-85.6485,963812,11,93725
9604,"Louisville","Kentucky",38.1663,-85.6485,963812,3,120000
4605,"Buffalo","New York",42.9018,-78.8487,944589,53,118224
9604,"Buffalo","New York",42.9018,-78.8487,944589,4,141600
4605,"Tucson","Arizona",32.1541,-110.8787,878320,36,133169
9590,"Tucson","Arizona",32.1541,-110.8787,878320,8,139301
57585,"Omaha","Nebraska",41.2627,-96.0529,821345,32,118000
27732,"Omaha","Nebraska",41.2627,-96.0529,821345,11,127500
132,"Omaha","Nebraska",41.2627,-96.0529,821345,4,151410
9590,"Omaha","Nebraska",41.2627,-96.0529,821345,7,69035
4605,"Omaha","Nebraska",41.2627,-96.0529,821345,2,130000
9590,"Birmingham","Alabama",33.5279,-86.7971,782111,3,138000
4605,"Tulsa","Oklahoma",36.1283,-95.9042,731743,5,116605
9590,"Tulsa","Oklahoma",36.1283,-95.9042,731743,7,42245
9590,"Fresno","California",36.783,-119.7939,725276,7,93496
4605,"Fresno","California",36.783,-119.7939,725276,2,270671
9590,"Charleston","South Carolina",32.8168,-79.9687,706884,14,148842
132,"Charleston","South Carolina",32.8168,-79.9687,706884,6,167682
9604,"Charleston","South Carolina",32.8168,-79.9687,706884,3,173800
9590,"Rochester","New York",43.168,-77.6162,699921,23,126900
4605,"Rochester","New York",43.168,-77.6162,699921,2,155000
9604,"Rochester","New York",43.168,-77.6162,699921,2,140000
57585,"Rochester","New York",43.168,-77.6162,699921,2,178000
9590,"Colorado Springs","Colorado",38.8674,-104.7605,638194,10,81900
9590,"Baton Rouge","Louisiana",30.442,-91.1311,635671,16,150000
4605,"Baton Rouge","Louisiana",30.442,-91.1311,635671,82,111850
307,"Allentown","Pennsylvania",40.5961,-75.4756,627863,4,141810
9590,"Allentown","Pennsylvania",40.5961,-75.4756,627863,3,160000
9590,"Knoxville","Tennessee",35.9692,-83.9496,615829,2,130900
4605,"Albany","New York",42.6664,-73.7987,590694,60,135000
9604,"Albany","New York",42.6664,-73.7987,590694,4,124000
9590,"Albany","New York",42.6664,-73.7987,590694,3,61173
57585,"New Haven","Connecticut",41.3113,-72.9246,565572,2,172000
9590,"Akron","Ohio",41.0798,-81.5219,541945,3,129750
132,"Wichita","Kansas",37.6895,-97.3443,509003,11,167440
9590,"Harrisburg","Pennsylvania",40.2752,-76.8843,498329,3,128900
9590,"Port St. Lucie","Florida",27.2796,-80.3884,462047,20,142800
9590,"Little Rock","Arkansas",34.7256,-92.3577,459409,18,51563
27732,"Madison","Wisconsin",43.0822,-89.393,451652,38,130000
132,"Madison","Wisconsin",43.0822,-89.393,451652,8,174575
9590,"Madison","Wisconsin",43.0822,-89.393,451652,7,119004
4605,"Madison","Wisconsin",43.0822,-89.393,451652,5,133506
9604,"Madison","Wisconsin",43.0822,-89.393,451652,2,147350
9604,"Boise","Idaho",43.6005,-116.2308,449776,16,174250
9590,"Boise","Idaho",43.6005,-116.2308,449776,5,130000
4605,"Oakland","California",37.7904,-122.2166,437825,2,224613
9590,"Chattanooga","Tennessee",35.066,-85.2481,406849,9,63003
9590,"Greenville","South Carolina",34.8354,-82.3646,401443,26,115000
494,"Durham","North Carolina",35.9792,-78.9022,399616,68,179634
9590,"Aurora","Colorado",39.7083,-104.7237,387349,25,129522
9590,"Victorville","California",34.5277,-117.3536,364015,4,67100
4605,"Huntsville","Alabama",34.6981,-86.6412,349482,7,121911
9604,"Honolulu","Hawaii",21.3294,-157.846,348547,3,134422
4605,"Honolulu","Hawaii",21.3294,-157.846,348547,2,95000
9590,"Fort Wayne","Indiana",41.0888,-85.1436,337163,21,129500
27732,"Fort Wayne","Indiana",41.0888,-85.1436,337163,3,117000
9590,"Fayetteville","North Carolina",35.085,-78.9772,328804,5,117805
9590,"Lexington","Kentucky",38.0423,-84.4587,321276,10,114549
9604,"Lexington","Kentucky",38.0423,-84.4587,321276,2,140000
9590,"Henderson","Nevada",36.0133,-115.0381,318063,7,134900
132,"Santa Ana","California",33.7367,-117.8819,311379,2,230000
9590,"Ann Arbor","Michigan",42.2759,-83.731,308983,2,98030
4605,"Newark","New Jersey",40.7245,-74.1725,307355,2,130719
132,"Irvine","California",33.6772,-117.7738,304527,46,160000
27732,"Irvine","California",33.6772,-117.7738,304527,85,156000
9590,"Irvine","California",33.6772,-117.7738,304527,215,117000
9604,"Irvine","California",33.6772,-117.7738,304527,6,149142
27732,"Lincoln","Nebraska",40.8099,-96.6784,290531,8,122358
191,"Jersey City","New Jersey",40.7184,-74.0686,287899,7,193000
57585,"Jersey City","New Jersey",40.7184,-74.0686,287899,2,190000
27732,"Jersey City","New Jersey",40.7184,-74.0686,287899,4,168000
4605,"Plano","Texas",33.0502,-96.7486,284948,5,140046
9604,"Plano","Texas",33.0502,-96.7486,284948,2,140200
9590,"Shreveport","Louisiana",32.4653,-93.7955,283536,20,115000
9590,"Davenport","Iowa",41.5565,-90.6053,281333,20,152000
9590,"Lakeland","Florida",28.0557,-81.9545,280346,12,146300
9590,"Chandler","Arizona",33.2825,-111.8514,275618,7,136000
9590,"Rockford","Illinois",42.2596,-89.064,273237,13,65000
9590,"Reading","Pennsylvania",40.34,-75.9267,272712,22,51750
9590,"Wilmington","North Carolina",34.2099,-77.8866,268625,2,180000
9590,"Santa Clarita","California",34.4175,-118.4964,268273,3,138000
9590,"North Las Vegas","Nevada",36.2883,-115.0888,264022,11,82659
9590,"Tallahassee","Florida",30.4551,-84.2527,258696,14,54850
9604,"Irving","Texas",32.8583,-96.9702,254962,130,125000
4605,"Irving","Texas",32.8583,-96.9702,254962,15,132933
132,"Irving","Texas",32.8583,-96.9702,254962,3,130000
9590,"Irving","Texas",32.8583,-96.9702,254962,4,125400
9590,"Glendale","Arizona",33.5791,-112.2311,248083,8,117700
9604,"Lafayette","Louisiana",30.2082,-92.0325,237565,2,145000
27732,"Fremont","California",37.5265,-121.9843,228795,48,180000
9590,"Fremont","California",37.5265,-121.9843,228795,13,160000
191,"Fremont","California",37.5265,-121.9843,228795,18,206617
132,"Fremont","California",37.5265,-121.9843,228795,8,199238
57585,"Fremont","California",37.5265,-121.9843,228795,2,211136
9590,"Hialeah","Florida",25.8696,-80.3045,222996,2,185000
9590,"Deltona","Florida",28.905,-81.2137,221137,5,145700
9590,"San Bernardino","California",34.1416,-117.2943,221041,41,73112
9590,"Gainesville","Florida",29.6804,-82.3459,220929,5,130773
9590,"College Station","Texas",30.5852,-96.2959,213177,3,84011
9590,"Moreno Valley","California",33.9244,-117.2045,209578,16,115627
132,"Sioux Falls","South Dakota",43.5396,-96.7311,204484,2,157220
9590,"Evansville","Indiana",37.9881,-87.5341,203661,3,152000
9590,"Santa Barbara","California",34.4285,-119.7202,199023,32,82555
9590,"Huntington Beach","California",33.696,-118.0018,197481,14,129854
9590,"Glendale","California",34.1819,-118.2468,194512,2,117250
9590,"Murfreesboro","Tennessee",35.849,-86.4121,184763,5,130000
9604,"Fort Lauderdale","Florida",26.1412,-80.1464,182673,23,135300
9590,"Aurora","Illinois",41.7638,-88.2902,181405,7,125000
9590,"Ontario","California",34.0393,-117.6064,176326,19,108200
4605,"Cary","North Carolina",35.7819,-78.8195,174880,5,93224
9590,"Lafayette","Indiana",40.3991,-86.8593,160543,2,97032
9590,"Springfield","Illinois",39.7709,-89.654,159671,5,129750
494,"Springfield","Illinois",39.7709,-89.654,159671,2,224000
4605,"Alexandria","Virginia",38.8185,-77.0861,157594,33,117000
9590,"Alexandria","Virginia",38.8185,-77.0861,157594,7,147500
27732,"Alexandria","Virginia",38.8185,-77.0861,157594,5,145000
9604,"Alexandria","Virginia",38.8185,-77.0861,157594,3,143600
9590,"Kansas City","Kansas",39.1235,-94.7443,155438,29,126901
9590,"Joliet","Illinois",41.5188,-88.1499,150221,15,104437
494,"Champaign","Illinois",40.1142,-88.2737,150179,3,155998
9590,"Champaign","Illinois",40.1142,-88.2737,150179,3,73466
9590,"Roseville","California",38.7703,-121.3196,148879,6,165250
9590,"Torrance","California",33.8346,-118.3416,145454,10,150000
9590,"Fullerton","California",33.8841,-117.9279,142280,2,139675
9590,"Olathe","Kansas",38.8833,-94.82,142114,2,152500
9590,"Kent","Washington",47.3887,-122.2128,135169,36,52645
9590,"Sterling Heights","Michigan",42.5809,-83.0305,133744,2,65250
132,"Billings","Montana",45.7891,-108.5526,131519,3,156445
494,"Santa Clara","California",37.3646,-121.968,128058,2411,200996
9590,"Santa Clara","California",37.3646,-121.968,128058,205,162400
307,"Santa Clara","California",37.3646,-121.968,128058,284,157643
227,"Santa Clara","California",37.3646,-121.968,128058,22,168922
9604,"Santa Clara","California",37.3646,-121.968,128058,63,150000
4605,"Santa Clara","California",37.3646,-121.968,128058,4,158952
191,"Santa Clara","California",37.3646,-121.968,128058,14,198940
57585,"Santa Clara","California",37.3646,-121.968,128058,3,196490
4605,"Rochester","Minnesota",44.0154,-92.478,121870,25,130206
27732,"Boulder","Colorado",40.0248,-105.2524,118090,408,142000
494,"Boulder","Colorado",40.0248,-105.2524,118090,9,185073
9590,"Boulder","Colorado",40.0248,-105.2524,118090,26,115000
4605,"Boulder","Colorado",40.0248,-105.2524,118090,6,134708
9604,"Boulder","Colorado",40.0248,-105.2524,118090,6,148850
4605,"Richardson","Texas",32.9716,-96.7093,118063,5,124134
9590,"Richmond","California",37.9477,-122.3389,115619,9,83283
4605,"Lowell","Massachusetts",42.6389,-71.3217,114737,82,160440
9590,"Murrieta","California",33.5719,-117.1909,111899,3,80300
9590,"Everett","Washington",47.9525,-122.1669,110847,35,140920
191,"Everett","Washington",47.9525,-122.1669,110847,4,191000
494,"Hillsboro","Oregon",45.5273,-122.936,106612,46,188825
9604,"Hillsboro","Oregon",45.5273,-122.936,106612,99,160000
307,"Hillsboro","Oregon",45.5273,-122.936,106612,395,127004
9590,"Hillsboro","Oregon",45.5273,-122.936,106612,9,150000
132,"Hillsboro","Oregon",45.5273,-122.936,106612,2,125424
4605,"Columbia","Maryland",39.2004,-76.859,106600,2,103880
9590,"Spokane Valley","Washington",47.6626,-117.2346,103761,2,46300
191,"Riverview","Florida",27.8227,-82.3023,102467,2,162291
9590,"Federal Way","Washington",47.3091,-122.3358,99614,7,165000
4605,"Boca Raton","Florida",26.3752,-80.108,97980,2,101777
9590,"Goodyear","Arizona",33.2614,-112.3622,97542,65,97490
9590,"Livonia","Michigan",42.3972,-83.3733,94928,3,104832
9590,"Middletown","Ohio",39.5033,-84.3659,93870,8,61100
9590,"Fall River","Massachusetts",41.7136,-71.1015,93638,6,88000
9590,"Santa Monica","California",34.0235,-118.481,92168,490,121222
9604,"Santa Monica","California",34.0235,-118.481,92168,3,160000
132,"Lawton","Oklahoma",34.6175,-98.4202,91023,5,152215
9590,"Chino","California",33.9836,-117.6654,91008,5,79789
4605,"Germantown","Maryland",39.1755,-77.2643,90210,5,150739
9590,"Waukegan","Illinois",42.3698,-87.8716,89435,5,104437
9590,"Avondale","Arizona",33.3873,-112.3235,89214,2,47923
9590,"Citrus Heights","California",38.6948,-121.288,87127,2,129000
9590,"Hawthorne","California",33.9147,-118.3476,86978,64,112100
132,"Deerfield Beach","Florida",26.305,-80.1277,86455,2,194050
9590,"Decatur","Illinois",39.8557,-88.9342,86231,9,71900
191,"Lake Forest","California",33.6605,-117.6714,85583,2,164394
9590,"Brooklyn Park","Minnesota",45.1112,-93.3505,84951,2,69992
9590,"Buena Park","California",33.8572,-118.0046,83542,2,115134
4605,"State College","Pennsylvania",40.7909,-77.8567,83170,17,150004
9590,"Silver Spring","Maryland",39.0028,-77.0207,81808,3,77189
307,"Folsom","California",38.6668,-121.1422,81077,218,133172
9590,"Terre Haute","Indiana",39.466,-87.3751,80567,2,126900
9590,"Homestead","Florida",25.4665,-80.4472,79996,2,123800
9590,"Milpitas","California",37.4336,-121.8921,79092,5,157300
191,"Milpitas","California",37.4336,-121.8921,79092,4,206000
9604,"Milpitas","California",37.4336,-121.8921,79092,2,178408
9590,"Pasco","Washington",46.2506,-119.1305,77274,5,110050
9590,"Arlington Heights","Illinois",42.0955,-87.9826,76794,3,48922
9604,"Wenatchee","Washington",47.436,-120.3295,76152,10,149835
132,"Owensboro","Kentucky",37.7575,-87.1172,75644,3,197000
9590,"Woodbury","Minnesota",44.9057,-92.923,75549,3,136300
9590,"Jackson","Tennessee",35.6538,-88.8354,72836,5,73000
9590,"Lakeville","Minnesota",44.6774,-93.252,70696,3,127000
9590,"Eastvale","California",33.9617,-117.5803,69594,18,54538
9590,"Gaithersburg","Maryland",39.1346,-77.2131,69016,2,136700
4605,"Gaithersburg","Maryland",39.1346,-77.2131,69016,4,98274
9604,"West Des Moines","Iowa",41.5521,-93.7806,68744,11,130000
9590,"Maricopa","Arizona",33.0408,-112.0011,68376,12,66800
9590,"Eagan","Minnesota",44.817,-93.1638,68262,2,114629
132,"Palo Alto","California",37.3905,-122.1468,67901,71,220000
27732,"Palo Alto","California",37.3905,-122.1468,67901,4,170000
9590,"Palo Alto","California",37.3905,-122.1468,67901,276,120578
9590,"Shawnee","Kansas",39.0158,-94.8076,67671,3,47674
9590,"San Marcos","Texas",29.8734,-97.9356,67491,4,98696
9590,"Haverhill","Massachusetts",42.7838,-71.0871,67273,2,115000
191,"Sammamish","Washington",47.6017,-122.0416,66586,4,217347
9604,"Sammamish","Washington",47.6017,-122.0416,66586,6,175280
9590,"Sammamish","Washington",47.6017,-122.0416,66586,2,120675
9590,"Alpharetta","Georgia",34.0704,-84.2738,65884,5,114900
4605,"Alpharetta","Georgia",34.0704,-84.2738,65884,2,112699
132,"Alpharetta","Georgia",34.0704,-84.2738,65884,3,171500
9604,"Apex","North Carolina",35.7237,-78.8743,65541,2,147800
227,"Waltham","Massachusetts",42.3889,-71.2423,64711,2,156100
9590,"Pflugerville","Texas",30.4515,-97.6018,64528,10,116100
9590,"Greenwood","Indiana",39.6019,-86.1073,63579,15,112700
27732,"Council Bluffs","Iowa",41.2369,-95.8516,62670,32,93000
227,"Leander","Texas",30.5728,-97.8618,62491,2,180000
9590,"Leander","Texas",30.5728,-97.8618,62491,2,157900
9604,"Reston","Virginia",38.9497,-77.3461,62339,240,155000
27732,"Reston","Virginia",38.9497,-77.3461,62339,352,147500
4605,"Reston","Virginia",38.9497,-77.3461,62339,47,154275
132,"Reston","Virginia",38.9497,-77.3461,62339,2,165000
307,"Woodland","California",38.6712,-121.75,61227,2,147044
9604,"Huntersville","North Carolina",35.406,-80.8716,61202,2,127000
9590,"Revere","Massachusetts",42.4189,-71.004,60577,4,162700
9590,"Lenexa","Kansas",38.9609,-94.8018,57497,5,58885
9590,"Lacey","Washington",47.0462,-122.7933,56263,5,153650
9590,"Apopka","Florida",28.7015,-81.5316,55056,8,129000
9590,"Beaumont","California",33.9076,-116.9766,53544,8,90854
9590,"Palm Desert","California",33.7378,-116.3695,51290,4,53500
9590,"Summerville","South Carolina",33.0016,-80.1799,50839,6,107000
9590,"Cypress","California",33.8171,-118.0386,49955,4,89000
9590,"Jeffersonville","Indiana",38.3376,-85.7026,49771,10,47923
132,"McLean","Virginia",38.9436,-77.1943,49587,125,180850
4605,"McLean","Virginia",38.9436,-77.1943,49587,23,97843
9590,"Kyle","Texas",29.9932,-97.8852,48484,3,81765
27732,"Leesburg","Virginia",39.1057,-77.5544,48465,12,150500
9604,"Bothell","Washington",47.7735,-122.2044,47917,24,169857
9590,"Bothell","Washington",47.7735,-122.2044,47917,2,159078
191,"Bothell","Washington",47.7735,-122.2044,47917,7,205678
4605,"Bothell","Washington",47.7735,-122.2044,47917,4,135063
9590,"San Luis Obispo","California",35.2669,-120.669,47529,74,68370
9590,"Newark","California",37.5201,-122.0307,47470,3,179200
191,"Newark","California",37.5201,-122.0307,47470,3,209720
9604,"Newark","California",37.5201,-122.0307,47470,4,179610
4605,"Jefferson City","Missouri",38.5676,-92.1759,42644,9,202831
9604,"Manassas","Virginia",38.7479,-77.4838,42620,6,135150
9590,"Manassas","Virginia",38.7479,-77.4838,42620,5,136625
9590,"Kearny","New Jersey",40.7528,-74.1202,41157,2,117300
9590,"Culver City","California",34.0058,-118.3968,40357,259,112100
9590,"Mount Juliet","Tennessee",36.199,-86.5115,39525,20,52240
9604,"Issaquah","Washington",47.5439,-122.0471,39400,4,146400
191,"Issaquah","Washington",47.5439,-122.0471,39400,3,208028
57585,"Issaquah","Washington",47.5439,-122.0471,39400,2,191209
191,"Lake Stevens","Washington",48.0024,-122.0953,38816,2,177000
9590,"Beloit","Wisconsin",42.523,-89.0184,36642,6,112174
9590,"Moorpark","California",34.2861,-118.8768,36073,6,115650
9590,"Norristown","Pennsylvania",40.1225,-75.3398,35712,3,83699
27732,"Midlothian","Texas",32.4669,-96.989,35460,19,136000
191,"Woodridge","Illinois",41.737,-88.0409,34027,2,252000
9590,"Duluth","Georgia",34.0053,-84.1492,31742,2,135500
9590,"Garner","North Carolina",35.6936,-78.6181,31684,9,62500
9590,"Sterling","Virginia",39.0052,-77.405,31058,28,116126
9604,"Sterling","Virginia",39.0052,-77.405,31058,10,155000
27732,"Sterling","Virginia",39.0052,-77.405,31058,7,141000
4605,"Sterling","Virginia",39.0052,-77.405,31058,6,161136
9604,"Springfield","Virginia",38.781,-77.1839,31022,10,143600
9590,"Springfield","Virginia",38.781,-77.1839,31022,3,133315
191,"Burlingame","California",37.5859,-122.3667,30995,6,189402
4605,"Sanford","North Carolina",35.4875,-79.177,30373,2,127445
9604,"Morrisville","North Carolina",35.8368,-78.8348,29756,9,129390
9590,"East Palo Alto","California",37.4671,-122.1352,29520,26,175000
9604,"Hutto","Texas",30.5396,-97.544,29498,2,170000
9590,"Easton","Pennsylvania",40.6858,-75.2209,28883,4,73278
9590,"Ruskin","Florida",27.7065,-82.4209,28878,2,89190
9590,"Huntley","Illinois",42.1599,-88.433,27652,6,142800
9604,"Mount Pleasant","Wisconsin",42.7129,-87.8876,27640,2,206500
4605,"Tysons","Virginia",38.9215,-77.2273,27617,16,139050
9590,"Holbrook","New York",40.7944,-73.07,27220,3,130932
9590,"Kernersville","North Carolina",36.1065,-80.0842,27177,9,112694
9590,"Horn Lake","Mississippi",34.9512,-90.0501,26652,6,36275
27732,"New York","New York",40.6943,-73.9249,18908608,1613,172000
57585,"New York","New York",40.6943,-73.9249,18908608,213,161189
9604,"New York","New York",40.6943,-73.9249,18908608,805,162250
4605,"New York","New York",40.6943,-73.9249,18908608,229,154872
132,"Chicago","Illinois",41.8375,-87.6866,8497759,433,165000
9604,"Chicago","Illinois",41.8375,-87.6866,8497759,104,148667
27732,"Chicago","Illinois",41.8375,-87.6866,8497759,652,139000
57585,"Chicago","Illinois",41.8375,-87.6866,8497759,100,146500
191,"Houston","Texas",29.786,-95.3885,5970127,2,173465
191,"Dallas","Texas",32.7935,-96.7667,5830932,2,154000
494,"Seattle","Washington",47.6211,-122.3244,3561397,37,225156
132,"Seattle","Washington",47.6211,-122.3244,3561397,393,164800
227,"Seattle","Washington",47.6211,-122.3244,3561397,32,185000
27732,"Seattle","Washington",47.6211,-122.3244,3561397,806,158000
9604,"Seattle","Washington",47.6211,-122.3244,3561397,63,148300
4605,"Seattle","Washington",47.6211,-122.3244,3561397,18,139768
9590,"Seattle","Washington",47.6211,-122.3244,3561397,9020,124692
307,"Seattle","Washington",47.6211,-122.3244,3561397,7,157017
191,"San Francisco","California",37.7558,-122.4449,3364979,14,193000
307,"San Francisco","California",37.7558,-122.4449,3364979,6,159244
307,"San Diego","California",32.8313,-117.1222,3046560,9,156030
9590,"San Diego","California",32.8313,-117.1222,3046560,350,105893
9590,"Baltimore","Maryland",39.3051,-76.6144,2196524,44,77418
9590,"Portland","Oregon",45.5371,-122.65,2095808,105,84718
307,"Portland","Oregon",45.5371,-122.65,2095808,6,133067
27732,"San Antonio","Texas",29.4632,-98.5238,2058444,3,157000
4605,"San Antonio","Texas",29.4632,-98.5238,2058444,3,104758
4605,"Orlando","Florida",28.4773,-81.337,1882705,2,119439
191,"Pittsburgh","Pennsylvania",40.4397,-79.9763,1749091,3,189140
4605,"Pittsburgh","Pennsylvania",40.4397,-79.9763,1749091,5,100175
9604,"Cincinnati","Ohio",39.1413,-84.506,1692702,3,138608
9590,"Virginia Beach","Virginia",36.7335,-76.0435,1443020,16,150000
9590,"Milwaukee","Wisconsin",43.0642,-87.9675,1290940,3,81390
9590,"Jacksonville","Florida",30.3322,-81.6749,1288298,32,86445
4605,"Salt Lake City","Utah",40.7776,-111.9311,1173879,4,71280
4605,"Raleigh","North Carolina",35.8324,-78.6429,1163152,169,107005
494,"Raleigh","North Carolina",35.8324,-78.6429,1163152,3,166197
9590,"Raleigh","North Carolina",35.8324,-78.6429,1163152,5,91291
9590,"Oklahoma City","Oklahoma",35.4676,-97.5136,998806,19,140000
9590,"Fort Worth","Texas",32.7817,-97.3474,924663,31,104374
4605,"Fort Worth","Texas",32.7817,-97.3474,924663,5,122902
132,"Bridgeport","Connecticut",41.1918,-73.1954,908251,7,166650
9590,"El Paso","Texas",31.8476,-106.43,865270,5,160200
9604,"El Paso","Texas",31.8476,-106.43,865270,2,132800
132,"Birmingham","Alabama",33.5279,-86.7971,782111,8,166100
307,"Albuquerque","New Mexico",35.1054,-106.6465,769986,42,129356
9590,"Albuquerque","New Mexico",35.1054,-106.6465,769986,21,138000
9590,"Grand Rapids","Michigan",42.9619,-85.6562,609023,3,85000
4605,"Grand Rapids","Michigan",42.9619,-85.6562,609023,2,131401
9590,"Bakersfield","California",35.3529,-119.0359,571992,6,110198
9590,"Toledo","Ohio",41.6638,-83.5827,493302,2,129000
9590,"Long Beach","California",33.7977,-118.167,462293,5,108909
9604,"Reno","Nevada",39.5497,-119.8483,457702,27,131540
27732,"Reno","Nevada",39.5497,-119.8483,457702,12,139000
9590,"Reno","Nevada",39.5497,-119.8483,457702,2,57138
27732,"Lancaster","Pennsylvania",40.042,-76.3012,402476,2,123822
4605,"Durham","North Carolina",35.9792,-78.9022,399616,65,136427
27732,"Durham","North Carolina",35.9792,-78.9022,399616,135,133000
9590,"Oxnard","California",34.1964,-119.1815,369962,13,104083
9590,"Mobile","Alabama",30.6782,-88.1162,320855,2,143034
4605,"Poughkeepsie","New York",41.695,-73.9211,314159,68,127692
27732,"Poughkeepsie","New York",41.695,-73.9211,314159,30,150000
9590,"Newark","New Jersey",40.7245,-74.1725,307355,2,160000
9604,"Newark","New Jersey",40.7245,-74.1725,307355,2,159305
4605,"Jersey City","New Jersey",40.7184,-74.0686,287899,2,162205
9604,"Jersey City","New Jersey",40.7184,-74.0686,287899,4,160000
9590,"Jersey City","New Jersey",40.7184,-74.0686,287899,9,121700
4605,"Springfield","Missouri",37.1943,-93.2916,286280,2,111520
9590,"Lubbock","Texas",33.5657,-101.8879,280890,9,129340
9604,"Gilbert","Arizona",33.31,-111.7463,267267,2,172750
9590,"York","Pennsylvania",39.9651,-76.7315,247176,6,73700
9604,"Arlington","Virginia",38.8786,-77.1011,235845,26,135300
4605,"Arlington","Virginia",38.8786,-77.1011,235845,16,126000
9590,"Arlington","Virginia",38.8786,-77.1011,235845,2763,107349
9604,"Green Bay","Wisconsin",44.5148,-87.9895,225633,2,187750
27732,"Clarksville","Tennessee",36.5692,-87.3413,210551,21,97500
9590,"Clarksville","Tennessee",36.5692,-87.3413,210551,7,109656
9590,"Amarillo","Texas",35.1984,-101.8316,205903,10,190000
9590,"Frisco","Texas",33.156,-96.8216,202075,3,150000
9604,"Overland Park","Kansas",38.887,-94.687,196676,4,136800
4605,"Overland Park","Kansas",38.887,-94.687,196676,3,98088
9590,"Waco","Texas",31.5599,-97.1882,195709,15,60653
9590,"Hagerstown","Maryland",39.6401,-77.7217,195261,25,119004
9590,"Vancouver","Washington",45.6366,-122.5967,190700,2,144600
9590,"Tempe","Arizona",33.3881,-111.9319,181005,724,90560
9590,"Danbury","Connecticut",41.4015,-73.4709,180143,2,149600
9590,"Elk Grove","California",38.4161,-121.3842,176105,7,140000
9590,"Santa Cruz","California",36.9789,-122.0346,167835,9,158300
27732,"Santa Cruz","California",36.9789,-122.0346,167835,2,189000
9590,"Corona","California",33.8616,-117.5649,158346,4,148850
9590,"Macon","Georgia",32.8065,-83.6974,156554,6,121950
4605,"Naperville","Illinois",41.748,-88.1659,149089,2,109470
191,"Naperville","Illinois",41.748,-88.1659,149089,4,187231
9590,"Surprise","Arizona",33.6815,-112.4515,145591,3,166900
4605,"Columbia","Missouri",38.9472,-92.3268,142637,2,98956
4605,"Hampton","Virginia",37.0551,-76.363,137217,5,103800
9590,"Yakima","Washington",46.5923,-120.5496,132354,4,62850
4605,"Carrollton","Texas",32.989,-96.8999,132284,3,147314
9590,"Carrollton","Texas",32.989,-96.8999,132284,9,107500
9590,"Round Rock","Texas",30.527,-97.6642,120465,4,160000
9604,"Round Rock","Texas",30.527,-97.6642,120465,2,161334
9590,"Meridian","Idaho",43.6116,-116.3977,119872,2,124950
9604,"Meridian","Idaho",43.6116,-116.3977,119872,2,123103
9590,"Duluth","Minnesota",46.7756,-92.1393,118574,5,169050
4605,"Monroe","Louisiana",32.5185,-92.0774,116927,42,94737
9590,"Idaho Falls","Idaho",43.4871,-112.0362,108544,7,133900
4605,"Sandy Springs","Georgia",33.9366,-84.3703,107221,9,120758
9590,"Renton","Washington",47.4784,-122.1918,105355,10,107500
9604,"Renton","Washington",47.4784,-122.1918,105355,3,162000
9590,"Rialto","California",34.1175,-117.3892,103873,17,67226
9590,"Vacaville","California",38.3587,-121.9673,101631,9,72717
27732,"Kirkland","Washington",47.697,-122.2057,92015,694,160000
191,"Kirkland","Washington",47.697,-122.2057,92015,4,200000
9590,"Kirkland","Washington",47.697,-122.2057,92015,145,63400
9604,"Kirkland","Washington",47.697,-122.2057,92015,4,159180
9590,"Whittier","California",33.9678,-118.0188,86459,4,48159
9590,"Jackson","Michigan",42.2431,-84.4038,82775,4,180300
9604,"Mountain View","California",37.4001,-122.0796,82132,562,175146
27732,"Mountain View","California",37.4001,-122.0796,82132,1698,180000
57585,"Mountain View","California",37.4001,-122.0796,82132,387,182362
4605,"Mountain View","California",37.4001,-122.0796,82132,2,192941
132,"Mountain View","California",37.4001,-122.0796,82132,5,176400
9590,"Mountain View","California",37.4001,-122.0796,82132,3,152789
191,"Mountain View","California",37.4001,-122.0796,82132,11,198940
9604,"Cheyenne","Wyoming",41.135,-104.7902,78204,51,138450
9590,"Camarillo","California",34.223,-119.0321,76748,4,142000
494,"Redmond","Washington",47.6763,-122.1169,73728,63,212905
9590,"Mansfield","Texas",32.569,-97.1213,73680,2,104374
9590,"Wilmington","Delaware",39.7415,-75.5416,71034,21,106642
9590,"Bayonne","New Jersey",40.6668,-74.1158,70497,3,155000
9590,"South San Francisco","California",37.6538,-122.4196,65596,12,107470
9590,"Commerce City","Colorado",39.8641,-104.843,63050,4,44900
9590,"Medford","Massachusetts",42.4234,-71.1087,61748,2,123600
9590,"San Rafael","California",37.9905,-122.5221,60891,2,220000
4605,"Chapel Hill","North Carolina",35.9271,-79.0391,58919,4,125948
9590,"Madison","Alabama",34.7114,-86.7626,56967,4,171500
4605,"Brookhaven","Georgia",33.8743,-84.3314,56848,27,115730
4605,"Smyrna","Georgia",33.8633,-84.5168,55863,2,153590
9590,"Tinley Park","Illinois",41.567,-87.8049,55571,3,95400
9604,"Bentonville","Arkansas",36.3547,-94.2305,54513,4,141000
9604,"Edina","Minnesota",44.8914,-93.3602,53037,2,159862
9604,"Glendora","California",34.1449,-117.8467,52095,5,33280
9590,"Cathedral City","California",33.8362,-116.4642,51964,2,115950
9604,"Aliso Viejo","California",33.5792,-117.7289,51896,6,162000
9590,"Euclid","Ohio",41.5903,-81.5188,49279,7,60216
132,"Biloxi","Mississippi",30.4426,-88.9514,49141,7,155138
9590,"Cerritos","California",33.8678,-118.0686,49016,2,160000
9590,"Poway","California",32.9871,-117.0201,48737,8,76691
9590,"Everett","Massachusetts",42.4064,-71.0545,48685,3,146500
9590,"Prescott","Arizona",34.5849,-112.4473,46054,21,102950
9590,"Olive Branch","Mississippi",34.961,-89.8469,45938,8,47590
4605,"Ashburn","Virginia",39.0277,-77.4714,45479,42,167000
9604,"Ashburn","Virginia",39.0277,-77.4714,45479,21,168000
9590,"Ashburn","Virginia",39.0277,-77.4714,45479,3,101600
191,"Ashburn","Virginia",39.0277,-77.4714,45479,2,167580
9590,"Oakley","California",37.9929,-121.6952,43525,5,61400
9590,"Linden","New Jersey",40.6251,-74.2383,43478,2,49005
9590,"Puyallup","Washington",47.1793,-122.2902,42610,6,142800
9590,"Schertz","Texas",29.565,-98.2535,42545,5,86790
4605,"Coppell","Texas",32.9639,-96.9903,42513,72,142100
9590,"Coppell","Texas",32.9639,-96.9903,42513,23,104374
9590,"Hollister","California",36.8555,-121.3986,42093,9,92000
27732,"Lancaster","Ohio",39.7248,-82.6049,40616,7,73500
9590,"Holyoke","Massachusetts",42.2125,-72.6411,38210,4,130000
9590,"East Point","Georgia",33.6696,-84.4701,38113,3,58080
9590,"Oak Creek","Wisconsin",42.8803,-87.9009,36286,11,57814
9604,"Fuquay-Varina","North Carolina",35.5953,-78.7778,35428,2,145000
9590,"West Hollywood","California",34.0883,-118.3719,35358,4,134500
9590,"Spanaway","Washington",47.0979,-122.4233,34015,2,52200
9590,"American Fork","Utah",40.3783,-111.7953,33986,2,68900
9590,"Petersburg","Virginia",37.2043,-77.3913,33261,4,125746
9590,"Foster City","California",37.5553,-122.2659,33215,2,168000
27732,"Goleta","California",34.4361,-119.8594,32640,28,155000
9590,"Florence","Kentucky",38.9899,-84.6471,32056,2,110011
132,"Ithaca","New York",42.4442,-76.5032,31359,2,165254
9590,"Brownsburg","Indiana",39.8337,-86.383,29379,2,177600
9590,"Frankfort","Kentucky",38.1924,-84.8643,28460,2,103000
9604,"Maple Valley","Washington",47.3659,-122.0368,27889,2,175550
9590,"Balch Springs","Texas",32.7194,-96.6151,27322,6,123600
9590,"Union City","Georgia",33.5942,-84.5629,26869,21,130000
9590,"Temple Terrace","Florida",28.0436,-82.3773,26818,8,105581
9590,"Edwardsville","Illinois",38.7922,-89.9874,26622,6,103900
9590,"West Chicago","Illinois",41.896,-88.2253,25632,4,142800
9604,"Elkridge","Maryland",39.1941,-76.7428,25251,30,173200
4605,"Elkridge","Maryland",39.1941,-76.7428,25251,7,180703
9590,"Edgewood","Maryland",39.419,-76.2964,25116,2,55286
132,"Herndon","Virginia",38.9699,-77.3867,24456,19,169766
132,"Los Angeles","California",34.1141,-118.4068,11922389,80,173668
27732,"Los Angeles","California",34.1141,-118.4068,11922389,575,153000
9604,"Los Angeles","California",34.1141,-118.4068,11922389,46,146906
9590,"Los Angeles","California",34.1141,-118.4068,11922389,195,130773
132,"Miami","Florida",25.784,-80.2101,6080145,48,167475
27732,"Miami","Florida",25.784,-80.2101,6080145,74,142000
9604,"Miami","Florida",25.784,-80.2101,6080145,16,139300
9590,"Miami","Florida",25.784,-80.2101,6080145,63,104300
4605,"Miami","Florida",25.784,-80.2101,6080145,17,116174
132,"Houston","Texas",29.786,-95.3885,5970127,8,141475
9590,"Houston","Texas",29.786,-95.3885,5970127,182,98301
9590,"Dallas","Texas",32.7935,-96.7667,5830932,610,96554
57585,"Atlanta","Georgia",33.7628,-84.422,5180179,7,177723
132,"Washington","District of Columbia",38.9047,-77.0163,5116378,74,178425
27732,"Washington","District of Columbia",38.9047,-77.0163,5116378,401,157000
9604,"Washington","District of Columbia",38.9047,-77.0163,5116378,1052,153500
4605,"Washington","District of Columbia",38.9047,-77.0163,5116378,186,123000
9590,"Washington","District of Columbia",38.9047,-77.0163,5116378,63,129750
57585,"Seattle","Washington",47.6211,-122.3244,3561397,2,177130
9590,"San Francisco","California",37.7558,-122.4449,3364979,539,144726
227,"San Francisco","California",37.7558,-122.4449,3364979,8,175150
27732,"San Diego","California",32.8313,-117.1222,3046560,102,158000
227,"San Diego","California",32.8313,-117.1222,3046560,32,172214
9604,"San Diego","California",32.8313,-117.1222,3046560,19,159505
27732,"Denver","Colorado",39.762,-104.8758,2687458,2,159150
9590,"St. Louis","Missouri",38.6359,-90.2451,2130881,3,70054
4605,"Sacramento","California",38.5677,-121.4685,1957738,19,120850
9604,"Sacramento","California",38.5677,-121.4685,1957738,5,155318
9590,"Sacramento","California",38.5677,-121.4685,1957738,14,93558
191,"Austin","Texas",30.3005,-97.7522,1905945,6,178291
4605,"San Jose","California",37.3012,-121.848,1771413,196,178223
27732,"San Jose","California",37.3012,-121.848,1771413,50,173000
307,"San Jose","California",37.3012,-121.848,1771413,38,160922
9604,"San Jose","California",37.3012,-121.848,1771413,28,163334
9590,"San Jose","California",37.3012,-121.848,1771413,117,148400
191,"San Jose","California",37.3012,-121.848,1771413,29,203924
132,"Indianapolis","Indiana",39.7771,-86.1458,1729849,326,121650
9590,"Indianapolis","Indiana",39.7771,-86.1458,1729849,26,96500
9604,"Indianapolis","Indiana",39.7771,-86.1458,1729849,7,145000
4605,"Indianapolis","Indiana",39.7771,-86.1458,1729849,6,112820
9590,"Bronx","New York",40.8501,-73.8662,1472654,3,74400
4605,"Charlotte","North Carolina",35.2083,-80.8303,1427444,7,116420
9590,"Charlotte","North Carolina",35.2083,-80.8303,1427444,46,86029
9604,"Jacksonville","Florida",30.3322,-81.6749,1288298,2,135000
4605,"Hartford","Connecticut",41.7661,-72.6834,974684,3,163248
9604,"Hartford","Connecticut",41.7661,-72.6834,974684,2,150000
9590,"Hartford","Connecticut",41.7661,-72.6834,974684,2,118200
9590,"Mission Viejo","California",33.6096,-117.6551,642211,4,53500
4605,"Columbia","South Carolina",34.0378,-80.9036,604065,4,98199
9604,"Des Moines","Iowa",41.5725,-93.6105,548926,53,138450
4605,"Des Moines","Iowa",41.5725,-93.6105,548926,3,66000
9590,"Mesa","Arizona",33.4015,-111.7178,503390,6,66664
9590,"Staten Island","New York",40.5834,-74.1496,495747,8,133016
9590,"Spokane","Washington",47.6671,-117.433,456219,16,84698
9590,"Stockton","California",37.9765,-121.3109,413637,30,122366
9590,"Honolulu","Hawaii",21.3294,-157.846,348547,5,128500
9590,"Anaheim","California",33.839,-117.8574,347111,2,107000
307,"Fort Collins","Colorado",40.5477,-105.0656,335398,16,117600
9604,"Fort Collins","Colorado",40.5477,-105.0656,335398,7,136200
9590,"Lansing","Michigan",42.7142,-84.5601,322561,13,135902
4605,"Lansing","Michigan",42.7142,-84.5601,322561,36,96972
27732,"Ann Arbor","Michigan",42.2759,-83.731,308983,41,167000
9590,"Concord","North Carolina",35.3933,-80.6369,288783,9,108451
9590,"South Bend","Indiana",41.6767,-86.2696,278061,3,83491
9590,"Salem","Oregon",44.9233,-123.0244,266420,5,117000
9590,"Chesapeake","Virginia",36.6778,-76.3023,249377,11,62858
9604,"Norfolk","Virginia",36.8945,-76.259,236973,3,134000
9604,"Fargo","North Dakota",46.8651,-96.8292,228364,66,117620
4605,"Fargo","North Dakota",46.8651,-96.8292,228364,2,163696
9590,"Fargo","North Dakota",46.8651,-96.8292,228364,4,72800
9590,"Fontana","California",34.0968,-117.4599,209279,12,98280
191,"Frisco","Texas",33.156,-96.8216,202075,4,182725
9604,"Frisco","Texas",33.156,-96.8216,202075,2,149020
9590,"Spartanburg","South Carolina",34.9442,-81.9251,200000,2,138100
9590,"Nampa","Idaho",43.5844,-116.5638,193935,2,52458
191,"Peoria","Arizona",33.7843,-112.2989,191292,2,210028
9590,"Ocala","Florida",29.178,-82.1511,186840,4,95700
9590,"Fredericksburg","Virginia",38.2992,-77.4872,176791,14,69155
9590,"Manchester","New Hampshire",42.9848,-71.4447,169097,11,60965
9590,"Visalia","California",36.3276,-119.3269,163681,12,77064
57585,"Sunnyvale","California",37.3836,-122.0255,154573,245,185900
227,"Sunnyvale","California",37.3836,-122.0255,154573,90,189262
27732,"Sunnyvale","California",37.3836,-122.0255,154573,1903,170000
9604,"Sunnyvale","California",37.3836,-122.0255,154573,36,164562
9590,"Sunnyvale","California",37.3836,-122.0255,154573,1222,141378
191,"Sunnyvale","California",37.3836,-122.0255,154573,58,204000
132,"Bellevue","Washington",47.5951,-122.1535,150606,172,169964
4605,"Bellevue","Washington",47.5951,-122.1535,150606,49,151177
57585,"Bellevue","Washington",47.5951,-122.1535,150606,12,184960
27732,"Bellevue","Washington",47.5951,-122.1535,150606,22,157000
9604,"Bellevue","Washington",47.5951,-122.1535,150606,14,154561
9590,"Bellevue","Washington",47.5951,-122.1535,150606,3620,127338
191,"Bellevue","Washington",47.5951,-122.1535,150606,59,198940
9590,"Elkhart","Indiana",41.6916,-85.9627,149423,174,187500
9590,"Naperville","Illinois",41.748,-88.1659,149089,3,153600
27732,"Thornton","Colorado",39.9197,-104.9438,141799,78,122000
9590,"Thornton","Colorado",39.9197,-104.9438,141799,17,129189
9590,"Pasadena","California",34.1597,-118.139,137554,7,117250
4605,"Bloomington","Illinois",40.4757,-88.9703,136524,9,100650
27732,"Santa Clara","California",37.3646,-121.968,128058,3,170000
9590,"Simi Valley","California",34.2663,-118.749,127568,2,142800
9604,"Simi Valley","California",34.2663,-118.749,127568,8,68640
9590,"Kenosha","Wisconsin",42.5865,-87.8773,124297,20,69285
4605,"Cambridge","Massachusetts",42.3759,-71.1185,117962,42,159550
27732,"Cambridge","Massachusetts",42.3759,-71.1185,117962,342,153000
9604,"Cambridge","Massachusetts",42.3759,-71.1185,117962,59,136500
132,"Cambridge","Massachusetts",42.3759,-71.1185,117962,8,148000
9590,"Cambridge","Massachusetts",42.3759,-71.1185,117962,33,126000
191,"Cambridge","Massachusetts",42.3759,-71.1185,117962,5,187000
4605,"Costa Mesa","California",33.6667,-117.9135,111490,16,133250
9590,"Jurupa Valley","California",34.001,-117.4706,105672,5,61400
9604,"San Mateo","California",37.5522,-122.3121,104165,2,177000
191,"San Mateo","California",37.5522,-122.3121,104165,4,208626
9604,"San Marcos","California",33.135,-117.1743,94360,2,172350
132,"Tracy","California",37.7269,-121.4523,94027,2,193962
9590,"Tracy","California",37.7269,-121.4523,94027,26,61100
4605,"Norwalk","Connecticut",41.1144,-73.4215,91050,6,150000
9590,"Fort Myers","Florida",26.6194,-81.8302,88699,3,66997
27732,"San Ramon","California",37.7624,-121.9365,86119,2,188000
9604,"Melbourne","Florida",28.1086,-80.6627,84982,5,123600
27732,"Redwood City","California",37.5025,-122.2253,83077,6,158000
191,"Redwood City","California",37.5025,-122.2253,83077,4,199920
9590,"Turlock","California",37.5053,-120.8588,79301,5,94000
9590,"Perris","California",33.7898,-117.2233,78881,2,54450
9590,"Upland","California",34.1178,-117.6604,78847,3,127150
9590,"Schaumburg","Illinois",42.0308,-88.0838,77571,4,152000
9590,"Bethlehem","Pennsylvania",40.6266,-75.3679,76555,3,131126
9604,"Redmond","Washington",47.6763,-122.1169,73728,4511,146175
27732,"Redmond","Washington",47.6763,-122.1169,73728,12,160000
9590,"Redmond","Washington",47.6763,-122.1169,73728,1087,129300
191,"Redmond","Washington",47.6763,-122.1169,73728,16,196374
57585,"Redmond","Washington",47.6763,-122.1169,73728,2,191209
9590,"Daytona Beach","Florida",29.1995,-81.0982,73329,31,123800
9590,"Redlands","California",34.0512,-117.1712,73234,13,84800
9604,"Georgetown","Texas",30.666,-97.6966,71788,2,156100
9590,"Dublin","California",37.7161,-121.8963,71068,2,165000
4605,"Dubuque","Iowa",42.5002,-90.707,68601,2,70172
4605,"Bethesda","Maryland",38.9866,-77.1188,66316,24,131076
9590,"Pontiac","Michigan",42.6493,-83.2878,61965,4,100214
227,"Cupertino","California",37.3168,-122.0466,59763,158,183511
132,"Cupertino","California",37.3168,-122.0466,59763,2,179920
9590,"Cupertino","California",37.3168,-122.0466,59763,105,142039
191,"Hoboken","New Jersey",40.7452,-74.0281,58754,2,209905
9604,"New Brunswick","New Jersey",40.487,-74.445,55718,2,140040
4605,"Bentonville","Arkansas",36.3547,-94.2305,54513,4,92853
307,"Aloha","Oregon",45.492,-122.8725,53532,2,124005
191,"West New York","New Jersey",40.7857,-74.0094,52438,4,209720
4605,"Coral Gables","Florida",25.7037,-80.2715,49696,7,153759
9590,"Shakopee","Minnesota",44.7745,-93.4772,44135,17,67454
27732,"San Bruno","California",37.6256,-122.4313,43218,318,163000
4605,"Manassas","Virginia",38.7479,-77.4838,42620,10,98000
4605,"Annapolis","Maryland",38.9706,-76.5047,40719,18,300000
9590,"Lynnwood","Washington",47.8284,-122.3033,39867,2,152400
132,"Lynnwood","Washington",47.8284,-122.3033,39867,2,215000
9604,"Lynnwood","Washington",47.8284,-122.3033,39867,2,164950
191,"Tucker","Georgia",33.8436,-84.2024,36994,2,209664
9604,"Woodstock","Georgia",34.1026,-84.5091,35171,2,129300
9590,"Plainfield","Indiana",39.6954,-86.3716,35078,23,96866
9590,"Merritt Island","Florida",28.3139,-80.6708,34300,71,128600
191,"Menlo Park","California",37.4685,-122.1673,33324,237,190000
9590,"Los Gatos","California",37.2304,-121.9562,33093,26,158226
9590,"Beverly Hills","California",34.0786,-118.4021,32406,15,99600
9590,"Maryville","Tennessee",35.7468,-83.9789,31876,3,144700
191,"Prosper","Texas",33.2394,-96.8087,31507,2,179332
9590,"SeaTac","Washington",47.4444,-122.2986,30927,2,52146
9590,"Hazleton","Pennsylvania",40.9505,-75.9725,29671,12,36920
191,"Sachse","Texas",32.9726,-96.5793,27829,2,192651
9590,"Plainview","New York",40.7832,-73.4732,26620,4,73000
4605,"Paramus","New Jersey",40.9455,-74.0712,26582,33,155943
9590,"Paramus","New Jersey",40.9455,-74.0712,26582,5,89650
494,"Camas","Washington",45.6005,-122.4304,26387,2,194154
132,"East Chicago","Indiana",41.6469,-87.4545,26363,2,218598
9590,"Pooler","Georgia",32.1043,-81.2569,26264,24,85000
9590,"Lodi","New Jersey",40.8784,-74.0814,25969,2,150591
9590,"Bessemer","Alabama",33.3712,-86.9728,25890,34,61800
9590,"Melrose Park","Illinois",41.903,-87.8636,25177,3,35859
9590,"Carteret","New Jersey",40.5849,-74.2284,25161,14,101670
9590,"Moses Lake","Washington",47.1279,-119.2759,25155,2,147300
9590,"Herndon","Virginia",38.9699,-77.3867,24456,198,101504
4605,"Herndon","Virginia",38.9699,-77.3867,24456,41,127600
494,"Herndon","Virginia",38.9699,-77.3867,24456,2,184250
4605,"King of Prussia","Pennsylvania",40.0963,-75.3821,24423,15,148031
27732,"Papillion","Nebraska",41.1511,-96.0665,24016,12,77000
9590,"Patterson","California",37.4758,-121.1536,23678,5,107500
4605,"Chantilly","Virginia",38.8868,-77.4453,23107,34,124000
9590,"Katy","Texas",29.7905,-95.8353,22826,6,151000
132,"Katy","Texas",29.7905,-95.8353,22826,2,175000
4605,"Secaucus","New Jersey",40.781,-74.0659,21470,9,159796
191,"Secaucus","New Jersey",40.781,-74.0659,21470,2,204470
9590,"Carlisle","Pennsylvania",40.2,-77.2034,20846,14,103002
9590,"Mill Creek","Washington",47.8631,-122.2037,20797,4,150000
9590,"Arlington","Washington",48.1701,-122.1442,20263,27,56800
9590,"Erlanger","Kentucky",39.0109,-84.5864,19577,32,75920
9590,"Cocoa","Florida",28.382,-80.7675,19073,2,123800
4605,"West Chester","Pennsylvania",39.9601,-75.6058,19016,2,154689
9590,"Republic","Missouri",37.1452,-93.4446,18824,6,33800
9590,"Mebane","North Carolina",36.0852,-79.2736,17899,2,95000
9590,"West Columbia","South Carolina",33.9932,-81.0936,17459,12,123800
9590,"Los Lunas","New Mexico",34.8115,-106.7803,17452,5,150860
4605,"Lake Mary","Florida",28.7592,-81.336,16636,2,124232
27732,"The Dalles","Oregon",45.6053,-121.1818,15988,25,119500
9590,"Monroe","Ohio",39.4461,-84.3667,15202,9,150000
9590,"Tonawanda","New York",43.0105,-78.8805,15096,7,142800
9590,"Hazel Park","Michigan",42.4619,-83.0977,15065,6,133100
27732,"Red Oak","Texas",32.5212,-96.7866,14853,8,79000
9590,"Shepherdsville","Kentucky",37.9813,-85.7007,14136,31,130000
9590,"Channahon","Illinois",41.421,-88.2599,13807,12,68000
9590,"Braselton","Georgia",34.1087,-83.8127,13804,2,123800
9604,"Snoqualmie","Washington",47.5293,-121.8412,13762,2,173885
9590,"Willow Grove","Pennsylvania",40.1469,-75.1174,13759,6,177600
9590,"Richmond","Texas",29.5824,-95.7563,11931,3,112445
9590,"Lanham","Maryland",38.962,-76.8421,11662,4,129200
9590,"Canton","Mississippi",32.5975,-90.0317,10951,8,128000
9590,"Sumner","Washington",47.2189,-122.2338,10589,25,77189
9590,"Airway Heights","Washington",47.6459,-117.5792,10570,2,50500
9590,"Whitestown","Indiana",39.9706,-86.3612,10253,7,101920
9590,"Davenport","Florida",28.1587,-81.6083,10246,6,170280
9590,"East Setauket","New York",40.921,-73.0942,10234,4,183500
9590,"DuPont","Washington",47.1079,-122.6495,9955,12,120370
9590,"Jessup","Maryland",39.1488,-76.7772,9602,3,97200
9590,"Fishersville","Virginia",38.105,-78.9826,9422,7,58116
9604,"Mechanicsburg","Pennsylvania",40.2115,-77.006,9402,4,168000
9590,"Plymouth","Michigan",42.3718,-83.468,9300,3,136000
9590,"Bernalillo","New Mexico",35.3127,-106.5537,9286,3,67250
9590,"Breinigsville","Pennsylvania",40.5394,-75.6347,9035,16,106912
9604,"Duvall","Washington",47.7354,-121.9726,8128,4,175700
27732,"Austell","Georgia",33.8201,-84.6451,8109,8,59500
9590,"Park City","Kansas",37.8101,-97.3256,7703,5,60900
9590,"Umatilla","Oregon",45.9119,-119.3133,7433,22,70470
132,"Cumming","Georgia",34.2063,-84.1339,7371,2,160000
9590,"University Park","Illinois",41.4461,-87.7154,7328,7,108618
9590,"Stone Mountain","Georgia",33.8035,-84.1723,6638,9,118810
9590,"Hebron","Kentucky",39.0626,-84.709,6607,12,106642
9604,"Northville","Michigan",42.4355,-83.489,6088,2,120000
9604,"Dulles Town Center","Virginia",39.0265,-77.4196,5884,48,138450
9590,"Shippensburg","Pennsylvania",40.0484,-77.5227,5688,12,110000
9590,"Theodore","Alabama",30.5408,-88.1885,5123,4,61100
9590,"Monee","Illinois",41.4181,-87.7502,5120,19,108618
9590,"Penns Grove","New Jersey",39.7275,-75.4691,4841,3,142800
9590,"Brisbane","California",37.6902,-122.4021,4756,3,90700
4605,"Armonk","New York",41.1319,-73.7138,4378,66,140396
9590,"West Jefferson","Ohio",39.9475,-83.3076,4186,9,68578
9590,"Malvern","Pennsylvania",40.0329,-75.5146,3389,21,75691
9590,"East Syracuse","New York",43.0638,-76.0698,3065,4,68900
9590,"New Stanton","Pennsylvania",40.2237,-79.6086,2433,4,142800
27732,"Bridgeport","Alabama",34.9496,-85.7243,2366,7,97000
4605,"Yorktown Heights","New York",41.2697,-73.7755,2147,139,119000
9590,"Byhalia","Mississippi",34.869,-89.689,1990,2,142800
9590,"Prince George","Virginia",37.2209,-77.2683,1964,4,119004
9590,"Pendergrass","Georgia",34.1646,-83.6827,1705,4,123800
9590,"North Randall","Ohio",41.4327,-81.5291,1113,8,131810
9590,"Etna","Ohio",39.9544,-82.6878,958,9,72883
9590,"Appling","Georgia",33.5588,-82.3183,701,10,95368
9590,"Industry","California",34.0175,-117.9267,234,2,68900
9590,"Park","Kansas",39.1117,-100.3614,94,10,61800
9590,"Teterboro","New Jersey",40.858,-74.0594,91,3,70845
132,"Bay",,14.18,121.28,67182,3,198150
4605,"Annapolis Junction","Maryland",39.12287,-76.78757,0,17,134072
9604,"Annapolis Junction","Maryland",39.12287,-76.78757,0,10,140250
9590,"Annapolis Junction","Maryland",39.12287,-76.78757,0,4,114500
9590,"Antioch","Tennessee",36.35588,-86.25499,0,2,112000
9590,"Bensalem","Pennsylvania",40.10455,-74.95128,60427,4,178000
307,"Boxborough","Massachusetts",42.49084,-71.52851,4996,23,140774
9604,"Bristow","Virginia",38.72289,-77.5361,8910,2,143994
27732,"Bristow","Virginia",38.72289,-77.5361,8910,3,93000
9590,"Burlington","New Jersey",40.07122,-74.86489,9808,7,109040
9590,"Charlton","Massachusetts",42.13565,-71.97007,12764,8,125000
9590,"Cranbury","New Jersey",40.31622,-74.51376,2181,8,145700
9590,"Granville","New York",43.40785,-73.25955,2467,2,81900
9590,"Hanover","Maryland",39.19289,-76.72414,38088,4,52582
9590,"La Jolla","California",32.84727,-117.2742,42808,3,139675
9590,"Lancaster","New York",42.90061,-78.67031,10258,7,88816
9604,"Maine","Maine",46.82004,-67.92308,0,454,152050
132,"Maine","Maine",46.82004,-67.92308,0,3,199412
9590,"New Windsor","New York",41.47676,-74.02375,8922,5,81900
9590,"North Andover","Massachusetts",42.6987,-71.13506,28222,16,142800
9590,"North Haven","Connecticut",41.39093,-72.85954,24093,9,146600
9590,"Northridge","California",34.22834,-118.53675,68469,8,114300
9590,"Robbinsville","New Jersey",40.21455,-74.61932,3041,11,150000
9590,"Rock Tavern","New York",41.4662,-74.19126,0,5,43400
9604,"Salem","New Hampshire",42.78842,-71.20089,29549,2,140000
4605,"Southbury","Connecticut",41.48148,-73.21317,19836,4,127317
494,"Westborough","Massachusetts",42.26954,-71.61618,4045,6,140250
9590,"Westborough","Massachusetts",42.26954,-71.61618,4045,425,100200
9590,"Windsor","Connecticut",41.8526,-72.6437,28778,19,78894
27732,"Pryor","Oklahoma",36.30843,-95.31691,8708,39,111000
9590,"Forney","Texas",32.744,-96.4529,25269,9,104374
9590,"Romulus","Michigan",42.2237,-83.366,25055,8,139300
9590,"Morton Grove","Illinois",42.0423,-87.789,24910,7,126000
307,"Fairfax","Virginia",38.8531,-77.2997,24242,28,183201
4605,"Fairfax","Virginia",38.8531,-77.2997,24242,11,158320
9590,"Fairfax","Virginia",38.8531,-77.2997,24242,8,132000
4605,"Mountain House","California",37.7673,-121.5449,23590,2,142800
9590,"Middletown","Delaware",39.445,-75.7183,23573,14,120952
9590,"Tukwila","Washington",47.475,-122.2728,21569,2,115300
9604,"Celina","Texas",33.3154,-96.7941,21501,2,135131
9590,"Hyattsville","Maryland",38.9613,-76.9548,20851,2,115981
9590,"Shafter","California",35.4794,-119.2013,20162,6,110843
9590,"Crest Hill","Illinois",41.5723,-88.1124,19886,4,101200
9590,"Syosset","New York",40.8157,-73.502,18807,3,101754
9604,"Syosset","New York",40.8157,-73.502,18807,2,195672
9604,"Iselin","New Jersey",40.5697,-74.3172,18511,5,163320
27732,"Lenoir","North Carolina",35.9094,-81.5249,18301,9,102000
9590,"Buford","Georgia",34.1192,-83.9903,17222,6,140000
9590,"Avenel","New Jersey",40.5842,-74.2716,17211,8,73861
27732,"Addison","Texas",32.959,-96.8355,17026,192,147000
4605,"Vienna","Virginia",38.8996,-77.2597,16401,17,143261
27732,"Lithia Springs","Georgia",33.7811,-84.6487,16020,3,144900
9590,"Lithia Springs","Georgia",33.7811,-84.6487,16020,4,110500
9590,"Middlesex","New Jersey",40.5744,-74.5011,14525,4,89669
9590,"East Wenatchee","Washington",47.4174,-120.2822,14065,3,155750
9590,"Eatontown","New Jersey",40.2913,-74.0558,13522,4,160000
9590,"Jefferson","Georgia",34.1373,-83.6021,13496,7,108139
9604,"Woodinville","Washington",47.757,-122.1477,13301,3,168680
191,"Newcastle","Washington",47.5304,-122.1633,12931,3,199000
9590,"Meadville","Pennsylvania",41.6476,-80.1468,12929,7,77500
9590,"Wilmington","Ohio",39.4362,-83.8141,12669,6,102000
9590,"Markham","Illinois",41.6,-87.6904,11592,16,55744
9590,"Smithfield","North Carolina",35.5133,-78.3495,11527,8,177000
9590,"Fife","Washington",47.2329,-122.3518,10887,11,120328
4605,"Essex Junction","Vermont",44.4902,-73.1141,10646,6,58000
9590,"White Marsh","Maryland",39.3819,-76.4574,10337,4,56400
9590,"Lowell","Arkansas",36.2561,-94.1532,10005,2,185000
9590,"Middletown","Pennsylvania",40.201,-76.7289,9525,8,169050
9590,"Bargersville","Indiana",39.5412,-86.2004,9520,2,148700
9590,"Orland","California",39.7461,-122.1856,8221,2,81900
9604,"Quincy","Washington",47.2344,-119.853,7754,48,147900
9590,"Plymouth Meeting","Pennsylvania",40.1097,-75.2803,6756,4,145400
9590,"Coraopolis","Pennsylvania",40.5148,-80.1627,5510,3,142800
307,"Black Diamond","Washington",47.313,-122.0181,5314,2,197736
9604,"Black Diamond","Washington",47.313,-122.0181,5314,2,167783
9590,"Brookshire","Texas",29.7824,-95.9514,5187,5,112757
4605,"Collegeville","Pennsylvania",40.1873,-75.4581,5172,2,132058
9590,"Basalt","Colorado",39.3663,-107.0413,3815,2,31200
9590,"Imperial","Pennsylvania",40.4536,-80.2499,2736,4,60424
9590,"Liverpool","New York",43.1065,-76.2095,2331,8,106642
9590,"Bristol","Indiana",41.7184,-85.8228,1862,23,61100
4605,"Hopewell Junction","New York",41.5805,-73.8103,824,8,146574
9590,"Moreland","Georgia",33.2861,-84.7699,608,6,62500
9590,"Sauget","Illinois",38.5842,-90.1608,270,3,84800
9590,"Lockbourne","Ohio",39.8078,-82.9838,255,50,100942
9590,"Bethel","Pennsylvania",40.47454,-76.29134,499,5,142800
9604,"Bridgewater","New Jersey",40.60079,-74.64815,44464,3,130146
9590,"Canton","Michigan",42.30865,-83.48216,86825,3,135000
9604,"Farmington","Connecticut",41.71982,-72.83204,25000,2,173800
9590,"Fishkill","New York",41.53565,-73.89903,2133,4,44200
9590,"Florence","New Jersey",40.11955,-74.80544,4426,9,120806
307,"Hudson","Massachusetts",42.39176,-71.56618,14907,28,121532
9590,"Manchester","Connecticut",41.77593,-72.52148,30577,6,76700
132,"Newhall","California",34.59503,-118.66189,0,2,202800
9590,"Stoughton","Massachusetts",42.1251,-71.10227,26915,6,86570
9590,"Wallingford","Connecticut",41.45704,-72.82316,17712,2,104894
494,"Westford","Massachusetts",42.57926,-71.43784,21587,64,174595
9604,"Westford","Massachusetts",42.57926,-71.43784,21587,2,163110
9590,"Westmont","Illinois",41.7948,-87.9742,24271,4,153000
9590,"Somerset","New Jersey",40.5083,-74.501,24246,2,131851
9590,"Greenfield","Indiana",39.7937,-85.7738,23669,7,41891
9590,"Chester","Virginia",37.3531,-77.4342,23068,10,168190
9590,"Bloomington","California",34.0601,-117.4013,23051,13,142800
494,"Katy","Texas",29.7905,-95.8353,22826,2,220547
9590,"Naples","Florida",26.1504,-81.7936,19315,4,154000
9590,"Matteson","Illinois",41.5095,-87.7468,18898,7,111571
9590,"Cohoes","New York",42.7732,-73.7077,17960,2,67100
9590,"New Castle","Indiana",39.9191,-85.3697,17413,5,121500
9590,"El Segundo","California",33.917,-118.4018,17081,75,172600
9590,"Wixom","Michigan",42.5243,-83.5346,17007,5,81760
9590,"Auburndale","Florida",28.0963,-81.8012,16432,3,98717
9590,"Aberdeen","Maryland",39.5151,-76.1733,16422,3,100776
9590,"Troutdale","Oregon",45.5372,-122.3955,16150,10,66518
132,"Thibodaux","Louisiana",29.7949,-90.8146,15738,5,155258
9590,"Norridge","Illinois",41.9637,-87.8231,15291,4,66900
9590,"Buda","Texas",30.0758,-97.8487,14997,2,151400
9604,"Highland Park","New Jersey",40.5006,-74.4283,14996,2,150780
9590,"Falls Church","Virginia",38.8847,-77.1751,14576,7,140000
27732,"Moncks Corner","South Carolina",33.173,-80.0107,13456,39,117500
57585,"Carpinteria","California",34.3962,-119.5118,13187,4,157500
9604,"Tega Cay","South Carolina",35.039,-81.0111,12816,2,146680
9590,"Washington","Indiana",38.6586,-87.1591,12076,69,101800
9590,"Campbellsville","Kentucky",37.3445,-85.3511,11434,9,85000
9590,"Pineville","North Carolina",35.0864,-80.8915,10532,3,120000
307,"New Albany","Ohio",40.0809,-82.7848,10516,13,150208
27732,"New Albany","Ohio",40.0809,-82.7848,10516,30,102000
9590,"New Albany","Ohio",40.0809,-82.7848,10516,2,130000
4605,"Chevy Chase","Maryland",38.9944,-77.0738,9789,6,246083
9590,"Chevy Chase","Maryland",38.9944,-77.0738,9789,8,47500
9590,"Roanoke","Texas",33.0144,-97.2276,9565,3,146701
27732,"Matawan","New Jersey",40.4127,-74.2365,9546,2,213500
9590,"Seaford","Delaware",38.6538,-75.611,8055,6,61100
307,"Bernardsville","New Jersey",40.7268,-74.5918,7888,2,152920
9590,"Ashland","Virginia",37.7597,-77.4716,7617,8,49462
9590,"Bondurant","Iowa",41.6985,-93.4556,7617,8,142800
9590,"Union","Ohio",39.9103,-84.2901,6894,20,90002
9590,"Rossford","Ohio",41.5812,-83.5682,6314,4,66726
9590,"Obetz","Ohio",39.8671,-82.9451,5580,8,174900
9590,"Wilmington","Illinois",41.3207,-88.164,5525,9,64459
9590,"New Castle","Delaware",39.6681,-75.5697,5523,8,138119
9590,"Wilmer","Texas",32.5983,-96.6815,5370,2,142800
27732,"Wilmer","Texas",32.5983,-96.6815,5370,4,61250
9590,"Louisville","Tennessee",35.8247,-84.0552,4359,4,125000
9590,"Hamburg","Pennsylvania",40.5561,-75.9825,4342,5,119004
9590,"Swedesboro","New Jersey",39.7459,-75.3117,2706,4,150613
4605,"Oakbrook Terrace","Illinois",41.8538,-87.9691,2695,2,109000
191,"Princeton Junction","New Jersey",40.3206,-74.6237,2022,4,217541
27732,"Princeton Junction","New Jersey",40.3206,-74.6237,2022,2,188000
9590,"Caledonia","Michigan",42.7945,-85.5153,1808,2,83000
9590,"Langhorne","Pennsylvania",40.1777,-74.9212,1578,8,96600
9590,"Charleston","Tennessee",35.2862,-84.7611,641,3,62100
9590,"Lewisberry","Pennsylvania",40.1356,-76.861,525,6,107723
9604,"Boydton","Virginia",36.666,-78.3908,279,91,139200
9590,"Chittenden","Vermont",43.7039,-72.9494,156,4,66800
132,"Burlington",,43.3167,-79.8,186948,3,167440
9590,"Amherst","New York",42.97839,-78.79976,122366,3,133702
132,"Burlington","Massachusetts",42.50482,-71.19561,24498,32,135658
9604,"Burlington","Massachusetts",42.50482,-71.19561,24498,12,158530
4605,"Dorchester","Massachusetts",42.29732,-71.0745,0,2,119814
9590,"Edison","New Jersey",40.51872,-74.4121,102548,21,124717
9604,"Edison","New Jersey",40.51872,-74.4121,102548,2,153100
9590,"Middletown","New Jersey",40.39428,-74.11709,65490,3,157600
9590,"Monroe","New Jersey",41.11454,-74.63405,0,2,123614
9590,"North Reading","Massachusetts",42.57509,-71.07867,14101,512,99400
9590,"Northborough","Massachusetts",42.31954,-71.64118,6167,11,51563
9604,"Wyoming","Wyoming",41.47747,-105.63666,0,387,173200
27732,"Wyoming","Wyoming",41.47747,-105.63666,0,4,158000
132,"Wyoming","Wyoming",41.47747,-105.63666,0,3,110635
